No.,Tipo de Obra,Descripción de la Obra,Delegación,P1,P2,P3,Superficie en m2 rehabilitada,Inversión Ejecutada,Metros Lineales
1,CONCRETO ECOLOGICO,"CONSTRUCCIÓN DE PAVIMENTACIÓN CON CONCRETO ECOLÓGICO DE LA CALLE SABINOS ENTRE CALLE DE LOS GIGANTES Y ANDADOR DE SAN LUIS OBISPO, MUNICIPIO DE TOLUCA",BARRIOS TRADICIONALES,"19.301844, -99.662313","19.302263, -99.662332","19.302776, -99.662509",832,"$1,758,737.77",128
2,CONCRETO ECOLOGICO,"CONSTRUCCIÓN DE PAVIMENTACIÓN CON CONCRETO ECOLÓGICO DE LA CALLE BICENTENARIO ENTRE CALLE MIGUEL HIDALGO Y CALLE INSURGENTES, DEL. SAN CRISTÓBAL HUICHOCHITLAN, MUNICIPIO DE TOLUCA",SAN CRISTOBAL HUICHOCHITLAN,"19.337013, -99.636824",,,763,"$1,527,888.27",117.38
3,CONCRETO ECOLOGICO,"CONSTRUCCIÓN DE PAVIMENTACIÓN CON CONCRETO ECOLÓGICO EN LA CALLE PARQUE NEVADO DE TOLUCA ENTRE CALLE PARQUE DE LOS REMEDIOS Y CALLE PARQUE JOSÉ MARÍA VELAZCO, MUNICIPIO DE TOLUCA",ADOLFO LOPEZ MATEOS,"19.283556, -99.698096","19.283632, -99.697582","19.283708, -99.697054",890,"$1,786,925.94",136.92
4,CONCRETO ECOLOGICO,"CONSTRUCCIÓN DE PAVIMENTACIÓN CON CONCRETO ECOLÓGICO EN LA CALLE PARQUE POPOCATÉPETL ENTRE CALLE PARQUE NEVADO DE TOLUCA Y CALLE PARQUE DE BOSENCHEVE, MUNICIPIO DE TOLUCA",ADOLFO LOPEZ MATEOS,"19.284063, -99.691871","19.284540, -99.691903","19.285008, -99.691926",810,"$1,762,428.28",124.62
5,CONCRETO ECOLOGICO,"CONSTRUCCIÓN DE PAVIMENTACIÓN CON CONCRETO ECOLÓGICO EN LA CALLE ISLA DE LAS AVES ENTRE CALLE PARQUE POPOCATÉPETL Y CALLE PARQUE SIERRA MORELOS, MUNICIPIO DE TOLUCA.",ADOLFO LOPEZ MATEOS,"19.280401, -99.691559","19.280422, -99.691058","19.280452, -99.690522",860,"$1,738,417.05",132.31
6,CONCRETO ECOLOGICO,"CONSTRUCCIÓN DE PAVIMENTACIÓN CON CONCRETO ECOLÓGICO EN LA CALLE 5 DE MAYO ENTRE CALLE 12 DE MAYO Y CALLE 15 DE MAYO, MUNICIPIO DE TOLUCA,",SAN BUENAVENTURA,"19.261418, -99.683198","19.261476, -99.683701","19.261516, -99.684143",645,"$1,521,706.80",99.23
7,CONCRETO ECOLOGICO,"CONSTRUCCIÓN DE PAVIMENTACIÓN CON CONCRETO ECOLÓGICO EN LA CALLE LOS PAJARITOS ENTRE CALLE AL REFUGIO Y CADENAMIENTO 0 MÁS 110, MUNICIPIO DE TOLUCA,",SANTIAGO TLACOTEPEC,"19.231629, -99.674684","19.232360, -99.674703","19.233411, -99.674694",839,"$1,669,461.24",129.08
8,CONCRETO ECOLOGICO,"CONSTRUCCIÓN DE PAVIMENTACIÓN CON CONCRETO ECOLÓGICO EN LA CALLE VICENTE GUERRERO ENTRE CALLE LEONARDO RODRÍGUEZ Y ABEL SALAZAR, MUNICIPIO DE TOLUCA",SAN SEBASTIAN,"19.276355, -99.634570","19.276371, -99.633535","19.276396, -99.632702",852,"$1,655,486.95",131.08
9,CONCRETO ECOLOGICO,"CONSTRUCCIÓN DE PAVIMENTACIÓN CON CONCRETO ECOLÓGICO DE LA CALLE LINDA VISTA DE CONCRETO EXISTENTE A CALLE CDA DE 5 DE MAYO, DEL. SAN FELIPE TLALMIMILOLPAN, MUNICIPIO DE TOLUCA.",SAN FELIPE TLALMIMILOLPAN,"19.237291, -99.647902","19.237943, -99.647864","19.239540, -99.647794",522,"$1,098,141.12",80.31
10,CONCRETO ECOLOGICO,"CONSTRUCCIÓN DE PAVIMENTACIÓN CON CONCRETO ECOLÓGICO DE LA CALLE ENCINOS PRIV. JOSÉ MARÍA PINO SUÁREZ ENTRE CALLE 5 DE MAYO Y CALLE LOS CEDROS, DEL. SAN PABLO AUTOPAN, MUNICIPIO DE TOLUCA",SAN PABLO AUTOPAN,,,,522,"$1,576,933.62",117.05
11,CONCRETO HIDRAULICO,"CONSTRUCCIÓN DE PAVIMENTACIÓN CON CONCRETO HIDRAULICO DE LA CALLE VICENTE GUERRERO EN EL TRAMO COMPRENDIDO ENTRE AV. TOLUCA Y CALLE A NATIVITAS, DEL CADENAMIENTO 0+000 AL 0+590, LOCALIDAD SAN JUAN TILAPA, TOLUCA, MÉXICO.",SAN JUAN TILAPA,,,,880.37,"$9,325,202.75",135.44
12,CONSTRUCCION DE CARPETA ASFALTICA,"CONSTRUCCIÓN DE PAVIMENTACIÓN CON CARPETA ASFALTICA DE LA CALLE ARTURO MARTÍNEZ LEGORRETA EN EL TRAMO COMPRENDIDO ENTRE CALLE E. GONZÁLEZ Y PICHARDO HASTA CALLE MELCHOR OCAMPO, DEL CADENAMIENTO 0+000 AL 0+228, LOCALIDAD SAN PABLO AUTOPAN, TOLUCA, MÉXICO.",SAN PABLO AUTOPAN,,,,1465.25,"$3,838,478.21",225.42
13,CONSTRUCCION DE CARPETA ASFALTICA,"CONSTRUCCIÓN DE PAVIMENTACIÓN CON CARPETA ASFALTICA DE LA CALLE JOSÉ PAGES LLERGO EN EL TRAMO COMPRENDIDO ENTRE CALLE IGNACIO ALLENDE A MANUEL BUENDIA TELLEZ GIRÓN, CADENAMIENTO 0+000 AL 0+140 DELEGACIÓN SANTIAGO MILTEPEC, TOLUCA, MEXICO.",SANTIAGO MILTEPEC,,,,1400,"$1,892,319.16",215.38
14,CONSTRUCCION DE CARPETA ASFALTICA,"CONSTRUCCIÓN DE PAVIMENTACIÓN CON CARPETA ASFALTICA DE LA CALLE CAMINO A LAS PRADERAS EN EL TRAMO COMPRENDIDO ENTRE CALLE CAMINO DE LOS BOSQUES A CALLE VICENTE LOMBARDO TOLEDANO, CADENAMIENTO 0+000 AL 0+200, LOCALIDAD SAN MATEO OTZACATIPAN. TOLUCA, MÉXICO.",SAN MATEO OTZACATIPAN,,,,1642.2,"$4,160,267.35",252.65
15,CONSTRUCCION DE CARPETA ASFALTICA,"CONSTRUCCIÓN DE PAVIMENTACIÓN CON CARPETA ASFALTICA DE LA CALLE DE LAS ARBOLEDAS EN EL TRAMO COMPRENDIDO ENTRE CALLE CAMINO DE LOS BOSQUES A CALLE VICENTE LOMBARDO TOLEDANO, CADENAMIENTO 0+000 AL 0+200, DELEGACIÓN SAN MATEO OTZACATIPAN, TOLUCA, MÉXICO.",SAN MATEO OTZACATIPAN,,,,2171.28,"$4,160,629.71",334.04
16,CONSTRUCCION DE CARPETA ASFALTICA,"CONSTRUCCIÓN DE PAVIMENTACIÓN CON CARPETA ASFALTICA DE LA CALLE JUAN DE LA BARRERA EN EL TRAMO COMPRENDIDO ENTRE CALLE AGUSTİN MELGAR A CALLE JUAN DE LA BARRERA, CADENAMIENTO 0+000 AL 0+090, DELEGACIÓN SAN MATEO OXTOTITLÁN, TOLUCA, MÉXICO.",SAN MATEO OXTOTITLÁN,,,,735,"$1,943,221.50",113.08
17,CONSTRUCCION DE CARPETA ASFALTICA,"CONSTRUCCIÓN DE PAVIMENTACIÓN CON CARPETA ASFALTICA DE LA CALLE PRIVADA DE FRANCISCO I. MADERO EN EL TRAMO COMPRENDIDO ENTRE CALLE FRANCISCO VILLA A CALLE 21 DE MARZO, CADENAMIENTO 0+000 AL 0+090 DELEGACIÓN CAPULTITLAN, TOLUCA, MÉXICO.",CAPULTITLAN,,,,557.9,"$1,290,327.58",85.83
18,CONSTRUCCION DE CARPETA ASFALTICA,"CONSTRUCCIÓN DE PAVIMENTACIÓN CON CARPETA ASFALTICA DE LA CALLE EDUARDO GONZÁLEZ Y PICHARDO EN EL TRAMO COMPRENDIDO ENTRE CALLE PLUTARCO GONZÁLEZ A CALLE JOSÉ MARÍA MORELOS Y PAVÓN, CADENAMIENTO 0+000 AL 0+145, DELEGACIÓN CENTRO HISTÓRICO, TOLUCA, MÉXICO.",CENTRO HISTÓRICO TOLUCA,,,,1503.49,"$2,973,781.54",231.31
19,CONSTRUCCION DE CARPETA ASFALTICA,"CONSTRUCCIÓN DE PAVIMENTACIÓN CON CARPETA ASFALTICA DE LA CALLE 20 DE NOVIEMBRE, ENTRE CAMINO A SAN JUAN TILAPA Y CALLE LIBERTAD, CADENAMIENTO 0+000 AL 0+220, DELEGACIÓN SANTIAGO TLACOTEPEC, MUNICIPIO DE TOLUCA.",SANTIAGO TLACOTEPEC,,,,1398,"$2,378,938.38",215.08
20,CONCRETO HIDRAULICO,"CONSTRUCCIÓN DE PAVIMENTACIÓN CON CONCRETO HIDRÁULICO DE LA CALLE LAGO VILLARICA, ENTRE CALLE LAGO SAYULA Y LAGUNA DEL VOLCÁN, CADENAMIENTO 0+000 AL 0+ 682, DELEGACIÓN SEMINARIO CONCILIAR. MUNICIPIO DE TOLUCA.",SEMINARIO CONCILIAR,,,,4657,"$9,027,755.10",716.46
21,CONSTRUCCION DE CARPETA ASFALTICA,"CONSTRUCCIÓN DE PAVIMENTACIÓN CON CARPETA ASFALTICA DE LA CALLE CENTENARIO, ENTRE CALLE NIGROMANTE HASTA CALLE BENITO JUÁREZ, CADENAMIENTO 0+000 AL 0+290, DELEGACIÓN SAN MARCOS YACHIHUACALTEPEC, MUNICIPIO DE TOLUCA.",SAN MARCOS YACHIHUACALTEPEC,,,,1951.16,"$2,290,678.54",300.18
22,CONSTRUCCION DE CARPETA ASFALTICA,"CONSTRUCCIÓN DE PAVIMENTACIÓN CON CARPETA ASFALTICA DE LA CALLE CENTENARIO, ENTRE CALLE BENITO JUÁREZ HASTA CAMINO A CALIXTLAHUACA, CADENAMIENTO 0+000 AL 0+320, DELEGACIÓN CALIXTLAHUACA, MUNICIPIO DE TOLUCA.",CALIXTLAHUACA,,,,1917.87,"$2,264,800.23",295.06
23,CONSTRUCCION DE CARPETA ASFALTICA,"CONSTRUCCIÓN DE PAVIMENTACIÓN CON CARPETA ASFALTICA DE LA CALLE CAMINO A SAN JUAN TILAPA ENTRE CAMINO A TLACOTEPEC HASTA LA CALLE MORELOS CADENAMIENTO 0+000 HASTA 1+071.69, DELEGACIÓN SANTIAGO TLACOTEPEC, MUNICIPIO DE TOLUCA.",SANTIAGO TLACOTEPEC,,,,8049.93,"$8,015,365.97",1238.45
24,REHABILITACIÓN DE PAVIMENTACIÓN,"REHABILITACIÓN DE PAVIMENTACIÓN CON CARPETA ASFALTICA DE LA CALLE INDUSTRIAS QUÍMICAS, ENTRE CALLE ALBERTO EINSTEIN Y CALLE LEONARDO DA VINCI Y ROBERTO BOSCH ENTRE AV. INDUSTRIA AUTOMOTRIZ Y PRIMERO DE MAYO, SANTA ANA TLAPALTITLÁN, MUNICIPIO DE TOLUCA, MÉXICO",SANTA ANA TLAPALTITLAN,,,,6803.95,"$14,850,106.79",1046.76
25,REHABILITACIÓN DE PAVIMENTACIÓN,"REHABILITACIÓN CON CARPETA ASFALTICA DE LA CALLE IGNACIO LÓPEZ RAYON ENTRE CALLE JOSÉ MARÍA ARTEAGA Y CALLE 5 DE MAYO CADENAMIENTO 0+000 HASTA 1+483.90, DELEGACIÓN SAN PABLO AUTOPAN, MUNICIPIO DE TOLUCA",SAN PABLO AUTOPAN,,,,14899.39,"$15,342,932.83",2292.21
26,REHABILITACIÓN DE PAVIMENTACIÓN,"REHABILITACIÓN DE PAVIMENTACIÓN CON CARPETA ASFALTICA EN LA CALLE TEXCOCO ENTRE PASEO MATLAZINCAS Y CALLE 21 DE MARZO CADENAMIENTO 0+000 HASTA 1+577, DELEGACIÓN SÁNCHEZ, MUNICIPIO DE TOLUCA.",SÁNCHEZ,,,,14076,"$15,522,379.92",2165.54
27,REHABILITACIÓN DE PAVIMENTACIÓN,"REHABILITACIÓN DE PAVIMENTACIÓN CON CARPETA ASFALTICA DE LA CALLE INDEPENDENCIA ENTRE FRAY SERVANDO TERESA DE MIER Y CALLE PREVISTA, LA CRESPA FLORESTA, MUNICIPIO DE TOLUCA, MÉXICO.",SAN MATEO OTZACATIPAN,,,,12856.28,"$12,498,875.66",1977.89
28,REHABILITACIÓN DE PAVIMENTACIÓN,"REHABILITACIÓN DE PAVIMENTACIÓN CON CARPETA ASFALTICA DE LA CALLE AGUSTÍN MILLAN ENTRE CALLE MIGUEL HIDALGO Y CALLE CENTENARIO, SAN PEDRO TOTOLTEPEC, MUNICIPIO DE TOLUCA, MÉXICO.",SAN PEDRO TOTOLTEPEC,,,,1940.9,"$4,020,314.75",298.6
29,REHABILITACIÓN DE PAVIMENTACIÓN,"REHABILITACIÓN DE PAVIMENTACIÓN CON CONCRETO HIDRAULICO DE LA CALLE EL NEVADO, ENTRE CALLE JOSÉ MARÍA MORELOS Y CALLE CEDRO, DEL. CACALOMACAN, MUNICIPIO DE TOLUCA, ESTADO, MÉXICO.",CACALOMACÁN,,,,2765.7,"$5,701,244.09",425.49
30,REHABILITACIÓN DE PAVIMENTACIÓN,"REHABILITACIÓN DE PAVIMENTACIÓN CON CONCRETO HIDRAULICO DEL CAMINO MINA MÉXICO, DEL CADENAMIENTO 0+000 AL 0+377, ENTRE LA CARRETERA TOLUCA-IXTLAHUACA, MUNICIPIO DE TOLUCA, ESTADO DE MÉXICO.",TOLUCA DE LERDO,,,,2687,"$3,992,706.45",413.38
31,REHABILITACIÓN DE PAVIMENTACIÓN,"REHABILITACIÓN CON CARPETA ASFALTICA DE LA CALLE ISABEL LA CATÓLICA ENTRE AV. MIGUEL HIDALGO Y AV. JOSÉ MARÍA MORELOS Y PAVÓN, CADENAMIENTO 0+000 AL 0+181 DEL. SAN SEBASTIAN, MUNICIPIO DE TOLUCA.",SAN SEBASTIAN,,,,1950.2,"$1,794,281.79",300.03
32,REHABILITACIÓN DE PAVIMENTACIÓN,"REHABILITACIÓN DE PAVIMENTACIÓN CON CARPETA ASFALTICA DE LA CALLE ALEJANDRO VON HUMBOLDT ENTRE CALLE AV. MIGUEL HIDALGO HASTA AV. JOSÉ MARÍA MORELOS Y PAVÓN, CADENAMIENTO 0+000 AL 0+175 DELEGACIÓN CENTRO HISTÓRICO, MUNICIPIO DE TOLUCA.",CENTRO HISTÓRICO TOLUCA,,,,1706.37,"$2,092,007.41",262.52
33,REHABILITACIÓN DE PAVIMENTACIÓN,"REHABILITACIÓN DE PAVIMENTACIÓN CON CARPETA ASFALTICA DE LA CALLE PROLONGACIÓN 18. DE MARZO, ENTRE PASEO MATLAZINCAS E IGNACIO DE LA LLAVE, CADENAMIENTO 0+000 AL 0+927, DELEGACIÓN BARRIOS TRADICIONALES, MUNICIPIO DE TOLUCA.",BARRIOS TRADICIONALES,,,,8558.3,"$8,089,262.66",1316.66
34,REHABILITACIÓN DE PAVIMENTACIÓN,"REHABILITACIÓN DE PAVIMENTACIÓN DE CARPETA ASFALTICA DE LA CALLE GRAL. ABELARDO RODRÍGUEZ, ENTRE ANTONIO ALBARRÁN Y CALLE JESÚS CARRANZA, CADENAMIENTO 0+000 AL 1+028, DELEGACIÓN CAPULTITLÁN, MUNICIPIO DE TOLUCA.",CAPULTITLAN,,,,16250,"$2,623,058.33",2500
35,REHABILITACIÓN DE PAVIMENTACIÓN,"REHABILITACIÓN DE PAVIMENTACIÓN CON CARPETA ASFALTICA DE LA CALLE JOSÉ MARÍA MORELOS Y PAVÓN EN EL TRAMO COMPRENDIDO ENTRE CADENAMIENTO 0+320 A CALLE HEROES DE LA INDEPENDENCIA, CADENAMIENTO 0+320 AL 1+063, DELEGACIÓN SAN CAYETANO MORELOS, MUNICIPIO DE TOLUCA.",SAN CAYETANO MORELOS,,,,7786.7,"$7,156,852.52",1197.95
36,COLOCACION DE SLURRY,"CONSTRUCCIÓN DE SENDERO SEGURO EN LA CALLE FILIBERTO NAVAS, ENTRE AV. ADOLFO LÓPEZ MATEOS Y ENTRADA AL PARQUE DE LAS CIENCIAS SIERRA MORELOS, DELEGACIÓN SAN MATEO OXTOTITLÁN, MUNICIPIO DE TOLUCA, MÉXICO.",SAN MATEO OXTOTITLAN,,,,28137.86,"$13,342,114.94",3706
37,COLOCACION DE SLURRY,"SUMINISTRO Y COLOCACION DE POSTES Y LUMINARIAS EN AVENIDA ALPINISMO, EN EL TRAMO COMPRENDIDO DE AVENIDA CALZADA AL PACÍFICO A CALLE GRAL. VENUSTIANO CARRANZA DEL CADENAMIENTO 0+000 AL 2+090, LOCALIDAD SAN BUENAVENTURA, MUNICIPIO DE TOLUCA, ESTADO DE MEXICO.",SAN BUENAVENTURA,,,,30000,"$9,480,165.26",4300
Total,,,,,,,186283.1,"$186,164,196.46",27757.39